,↓ケース名を入力,効果u＜1,効果1≦u＜2,効果2≦u＜3,効果3≦u＜10,効果u＞10,,,,,,,,,,,,
case1,case1-30-0-0-1-2-0-0-0,0,0,0,0,0,,,Case番号について,単複,巻厚,インバート,背面空洞,変形モード,地山強度,裏込注入,ロックボルト,内巻
case2,case1-30-0-0-1-2-0-0-1,33,31.6,33.9,35.6,36.4,,,Case,単線：1,30cm,なし：0,なし：0,側壁全体押出し：1,2MPa,なし：0,なし：0,なし：0
case3,case1-30-0-0-1-2-0-4-0,26.9,28.8,31.2,35.8,38.5,,,,複線：2,60cm,あり：1,あり：1,側壁前傾：2,8MPa,あり：1,4本,あり：1
case4,case1-30-0-0-1-2-0-4-1,53.8,50.9,54.5,56.9,58.2,,,,,,,,側壁脚部押出し：3,,,6本,
case5,case1-30-0-0-1-2-0-6-0,46.5,49,51.2,54.6,57.2,,,,,,,,,,,8本,
case6,case1-30-0-0-1-2-0-6-1,63.4,62.7,65.1,67.2,68.9,,,,,,,,,,,,
case7,case1-30-0-0-1-2-0-8-0,49,51.2,53.2,56.4,59,,,,,,,,,,,,
case8,case1-30-0-0-1-2-0-8-1,65.8,64.5,67.1,69.7,71.5,,,,,,,,,,,,
case9,case1-30-0-0-1-8-0-0-0,0,0,0,0,0,,,,,,,,,,,,
case10,case1-30-0-0-1-8-0-0-1,11.7,16.4,20.2,21.6,23.6,,,,,,,,,,,,
case11,case1-30-0-0-1-8-0-4-0,11,9.7,10.3,11.4,12.3,,,,,,,,,,,,
case12,case1-30-0-0-1-8-0-4-1,21.5,24.6,28.3,30.6,33.3,,,,,,,,,,,,
case13,case1-30-0-0-1-8-0-6-0,21.7,20,21,22.8,25.1,,,,,,,,,,,,
case14,case1-30-0-0-1-8-0-6-1,29,32.1,35.7,37.5,40.8,,,,,,,,,,,,
case15,case1-30-0-0-1-8-0-8-0,24.3,21.6,23,24.8,27.3,,,,,,,,,,,,
case16,case1-30-0-0-1-8-0-8-1,30.7,33.1,37,38.9,42,,,,,,,,,,,,
case17,case1-30-0-0-2-2-0-0-0,0,0,0,0,0,,,,,,,,,,,,
case18,case1-30-0-0-2-2-0-0-1,63.5,62,62.6,63.6,62.6,,,,,,,,,,,,
case19,case1-30-0-0-2-2-0-4-0,36.2,33.2,30.6,29.7,25,,,,,,,,,,,,
case20,case1-30-0-0-2-2-0-4-1,75.4,73.7,74,75.1,74.8,,,,,,,,,,,,
case21,case1-30-0-0-2-2-0-6-0,58.3,59.6,58.6,59,58.3,,,,,,,,,,,,
case22,case1-30-0-0-2-2-0-6-1,83.9,84.2,85.2,86.1,86.4,,,,,,,,,,,,
case23,case1-30-0-0-2-2-0-8-0,59.6,59.9,59.3,59.1,57.9,,,,,,,,,,,,
case24,case1-30-0-0-2-2-0-8-1,84.4,84.7,85.3,86.3,86.7,,,,,,,,,,,,
case25,case1-30-0-0-2-8-0-0-0,0,0,0,0,0,,,,,,,,,,,,
case26,case1-30-0-0-2-8-0-0-1,65.2,66.1,64.9,61.7,61.5,,,,,,,,,,,,
case27,case1-30-0-0-2-8-0-4-0,14.2,14.7,15.9,15.4,14.2,,,,,,,,,,,,
case28,case1-30-0-0-2-8-0-4-1,69.3,70.6,70.3,67.5,67.6,,,,,,,,,,,,
case29,case1-30-0-0-2-8-0-6-0,28.1,29.5,30.4,26.2,31.1,,,,,,,,,,,,
case30,case1-30-0-0-2-8-0-6-1,75.1,76.7,77.1,75.8,76.3,,,,,,,,,,,,
case31,case1-30-0-0-2-8-0-8-0,28.3,29.3,30.1,25.9,30.5,,,,,,,,,,,,
case32,case1-30-0-0-2-8-0-8-1,75.1,76.4,76.6,75.2,75.8,,,,,,,,,,,,
case33,case1-30-0-0-3-2-0-0-0,0,0,0,0,0,,,,,,,,,,,,
case34,case1-30-0-0-3-2-0-0-1,33.7,33.9,36.8,39,40.8,,,,,,,,,,,,
case35,case1-30-0-0-3-2-0-4-0,29.4,30.8,31.7,34.2,36.5,,,,,,,,,,,,
case36,case1-30-0-0-3-2-0-4-1,52.3,51.9,54.8,57.7,60.4,,,,,,,,,,,,
case37,case1-30-0-0-3-2-0-6-0,30.9,32.4,33.3,36.2,37.5,,,,,,,,,,,,
case38,case1-30-0-0-3-2-0-6-1,55.9,53.9,56.9,60.2,62.3,,,,,,,,,,,,
case39,case1-30-0-0-3-2-0-8-0,52.7,54.6,56.7,60.1,62.9,,,,,,,,,,,,
case40,case1-30-0-0-3-2-0-8-1,67.5,67.4,70.2,73.1,75.3,,,,,,,,,,,,
case41,case1-30-0-0-3-8-0-0-0,0,0,0,0,0,,,,,,,,,,,,
case42,case1-30-0-0-3-8-0-0-1,11.1,16.5,20.9,22.3,24.3,,,,,,,,,,,,
case43,case1-30-0-0-3-8-0-4-0,14.4,14.5,14.8,16.4,18.5,,,,,,,,,,,,
case44,case1-30-0-0-3-8-0-4-1,22.2,26.1,30,31.7,34.2,,,,,,,,,,,,
case45,case1-30-0-0-3-8-0-6-0,14.9,13.7,14.1,16.2,17.7,,,,,,,,,,,,
case46,case1-30-0-0-3-8-0-6-1,22.8,26.5,30.9,32.5,35.6,,,,,,,,,,,,
case47,case1-30-0-0-3-8-0-8-0,26,24.6,25.9,27.9,30.8,,,,,,,,,,,,
case48,case1-30-0-0-3-8-0-8-1,31.3,35.3,39.2,41,44.1,,,,,,,,,,,,
case49,case1-30-0-1-1-2-0-0-0,0,0,0,0,0,,,,,,,,,,,,
case50,case1-30-0-1-1-2-1-0-0,49.5,44.9,44.8,44.4,44.7,,,,,,,,,,,,
case51,case1-30-0-1-1-2-1-0-1,70.6,63.8,64.2,64.7,65.3,,,,,,,,,,,,
case52,case1-30-0-1-1-2-1-4-0,68.2,62,61.9,63.8,65.7,,,,,,,,,,,,
case53,case1-30-0-1-1-2-1-4-1,80.2,74.2,75.2,76.4,77.3,,,,,,,,,,,,
case54,case1-30-0-1-1-2-1-6-0,77.8,73.1,72.6,74.4,76.1,,,,,,,,,,,,
case55,case1-30-0-1-1-2-1-6-1,85.3,80.7,81.1,82.1,83,,,,,,,,,,,,
case56,case1-30-0-1-1-2-1-8-0,79.8,74.1,73.6,75.1,76.9,,,,,,,,,,,,
case57,case1-30-0-1-1-2-1-8-1,86.7,81.9,82,83.5,84.5,,,,,,,,,,,,
case58,case1-30-0-1-1-8-0-0-0,0,0,0,0,0,,,,,,,,,,,,
case59,case1-30-0-1-1-8-1-0-0,49.7,46.2,45.5,45.7,46.9,,,,,,,,,,,,
case60,case1-30-0-1-1-8-1-0-1,58.8,56.9,57.8,58.4,60,,,,,,,,,,,,
case61,case1-30-0-1-1-8-1-4-0,55.6,51.5,51.3,52,53.4,,,,,,,,,,,,
case62,case1-30-0-1-1-8-1-4-1,64,61.2,62,63,65,,,,,,,,,,,,
case63,case1-30-0-1-1-8-1-6-0,61.1,56.8,56.8,57.9,59.8,,,,,,,,,,,,
case64,case1-30-0-1-1-8-1-6-1,67.5,65.1,65.6,66.7,68.8,,,,,,,,,,,,
case65,case1-30-0-1-1-8-1-8-0,62.5,57.9,57.9,58.9,60.8,,,,,,,,,,,,
case66,case1-30-0-1-1-8-1-8-1,68.3,65.7,66.3,67.3,69.3,,,,,,,,,,,,
case67,case1-30-0-1-2-2-0-0-0,0,0,0,0,0,,,,,,,,,,,,
case68,case1-30-0-1-2-2-1-0-0,25.6,21.8,21.6,21.5,26.5,,,,,,,,,,,,
case69,case1-30-0-1-2-2-1-0-1,80.4,73.5,72.3,72.3,73.1,,,,,,,,,,,,
case70,case1-30-0-1-2-2-1-4-0,54.3,47.9,45.5,45.5,45.6,,,,,,,,,,,,
case71,case1-30-0-1-2-2-1-4-1,87.2,81.9,80.9,80.9,81.8,,,,,,,,,,,,
case72,case1-30-0-1-2-2-1-6-0,70.3,68.1,67.6,67.8,69,,,,,,,,,,,,
case73,case1-30-0-1-2-2-1-6-1,92.6,88.8,88.9,89.4,90,,,,,,,,,,,,
case74,case1-30-0-1-2-2-1-8-0,71.7,68.2,67.4,67.8,68.8,,,,,,,,,,,,
case75,case1-30-0-1-2-2-1-8-1,92.9,89.4,89,89.6,90.3,,,,,,,,,,,,
case76,case1-30-0-1-2-8-0-0-0,0,0,0,0,0,,,,,,,,,,,,
case77,case1-30-0-1-2-8-1-0-0,18.1,8.9,2.6,7.9,9.4,,,,,,,,,,,,
case78,case1-30-0-1-2-8-1-0-1,76.9,71.9,67.4,65.3,64.9,,,,,,,,,,,,
case79,case1-30-0-1-2-8-1-4-0,30.3,23.2,18,23.3,23,,,,,,,,,,,,
case80,case1-30-0-1-2-8-1-4-1,80.5,75.7,72.2,70.4,70.4,,,,,,,,,,,,
case81,case1-30-0-1-2-8-1-6-0,42.4,36.8,32.2,32.7,37.2,,,,,,,,,,,,
case82,case1-30-0-1-2-8-1-6-1,84.4,80.6,78.5,77.8,78.1,,,,,,,,,,,,
case83,case1-30-0-1-2-8-1-8-0,43.2,36.6,32,32.5,36.8,,,,,,,,,,,,
case84,case1-30-0-1-2-8-1-8-1,84.2,80.4,78,77.3,77.7,,,,,,,,,,,,
case85,case1-30-0-1-3-2-0-0-0,0,0,0,0,0,,,,,,,,,,,,
case86,case1-30-0-1-3-2-1-0-0,48.9,44.4,43.1,40.8,40.3,,,,,,,,,,,,
case87,case1-30-0-1-3-2-1-0-1,69.8,64.5,64.7,64.6,64.9,,,,,,,,,,,,
case88,case1-30-0-1-3-2-1-4-0,67.9,62.2,60.5,60.7,61.5,,,,,,,,,,,,
case89,case1-30-0-1-3-2-1-4-1,80.1,74.2,74.7,75.5,76.4,,,,,,,,,,,,
case90,case1-30-0-1-3-2-1-6-0,69.7,62.9,61.3,61.5,62.1,,,,,,,,,,,,
case91,case1-30-0-1-3-2-1-6-1,81.2,75.3,75.9,76.8,77.5,,,,,,,,,,,,
case92,case1-30-0-1-3-2-1-8-0,81,75,74.5,75.9,77.3,,,,,,,,,,,,
case93,case1-30-0-1-3-2-1-8-1,87.4,82.7,83.3,84.4,85.4,,,,,,,,,,,,
case94,case1-30-0-1-3-8-0-0-0,0,0,0,0,0,,,,,,,,,,,,
case95,case1-30-0-1-3-8-1-0-0,49.8,46.1,45.2,45.4,46.2,,,,,,,,,,,,
case96,case1-30-0-1-3-8-1-0-1,58.9,57,57.8,58.6,59.8,,,,,,,,,,,,
case97,case1-30-0-1-3-8-1-4-0,57.2,54.1,53.4,54.1,55.6,,,,,,,,,,,,
case98,case1-30-0-1-3-8-1-4-1,64.1,61.9,62.5,63.3,64.7,,,,,,,,,,,,
case99,case1-30-0-1-3-8-1-6-0,57.8,53.3,53,53.9,55.2,,,,,,,,,,,,
case100,case1-30-0-1-3-8-1-6-1,64.2,62.2,62.9,63.9,65.5,,,,,,,,,,,,
case101,case1-30-0-1-3-8-1-8-0,63.8,59.6,59.2,60.1,61.9,,,,,,,,,,,,
case102,case1-30-0-1-3-8-1-8-1,69,66.7,67.3,68.1,70,,,,,,,,,,,,
case103,case1-30-1-0-1-2-0-0-0,0,0,0,0,0,,,,,,,,,,,,
case104,case1-30-1-0-1-2-0-0-1,39.9,32.4,35.7,37.5,42.2,,,,,,,,,,,,
case105,case1-30-1-0-1-2-0-4-0,26.7,27.1,29,29.9,33.1,,,,,,,,,,,,
case106,case1-30-1-0-1-2-0-4-1,56,52,54.3,56.8,61,,,,,,,,,,,,
case107,case1-30-1-0-1-2-0-6-0,46.5,48.4,50.7,53,56.4,,,,,,,,,,,,
case108,case1-30-1-0-1-2-0-6-1,64.8,64.8,67.1,69.3,72.6,,,,,,,,,,,,
case109,case1-30-1-0-1-2-0-8-0,48.6,50.4,52.6,54.7,57.9,,,,,,,,,,,,
case110,case1-30-1-0-1-2-0-8-1,66,66.2,68.2,70.3,73.5,,,,,,,,,,,,
case111,case1-30-1-0-1-8-0-0-0,0,0,0,0,0,,,,,,,,,,,,
case112,case1-30-1-0-1-8-0-0-1,16.4,18.2,20,24,27.4,,,,,,,,,,,,
case113,case1-30-1-0-1-8-0-4-0,9,8.9,8.3,9.2,9.3,,,,,,,,,,,,
case114,case1-30-1-0-1-8-0-4-1,23.6,26,27.8,31.5,34.9,,,,,,,,,,,,
case115,case1-30-1-0-1-8-0-6-0,19.5,20.5,20.8,23.4,26,,,,,,,,,,,,
case116,case1-30-1-0-1-8-0-6-1,30.4,33.1,35.2,38.8,42.6,,,,,,,,,,,,
case117,case1-30-1-0-1-8-0-8-0,20.6,21.6,22.7,25,27.5,,,,,,,,,,,,
case118,case1-30-1-0-1-8-0-8-1,31.5,34.1,36,39.7,43.3,,,,,,,,,,,,
case119,case1-30-1-0-2-2-0-0-0,0,0,0,0,0,,,,,,,,,,,,
case120,case1-30-1-0-2-2-0-0-1,69.6,65.2,66.4,69.1,70.9,,,,,,,,,,,,
case121,case1-30-1-0-2-2-0-4-0,35.1,29.9,27.9,25.9,22.6,,,,,,,,,,,,
case122,case1-30-1-0-2-2-0-4-1,78.6,76.3,76.6,77.7,79,,,,,,,,,,,,
case123,case1-30-1-0-2-2-0-6-0,58.1,57.3,57,57.6,56.7,,,,,,,,,,,,
case124,case1-30-1-0-2-2-0-6-1,87.1,87,88,89.5,91,,,,,,,,,,,,
case125,case1-30-1-0-2-2-0-8-0,58.5,57.1,56.7,57.4,56.5,,,,,,,,,,,,
case126,case1-30-1-0-2-2-0-8-1,86.5,86.3,87.3,88.7,90.1,,,,,,,,,,,,
case127,case1-30-1-0-2-8-0-0-0,0,0,0,0,0,,,,,,,,,,,,
case128,case1-30-1-0-2-8-0-0-1,68,68.8,68.1,65.7,66.2,,,,,,,,,,,,
case129,case1-30-1-0-2-8-0-4-0,13.4,14.2,13.9,14,11.7,,,,,,,,,,,,
case130,case1-30-1-0-2-8-0-4-1,71.6,72.6,72.8,70.8,71.1,,,,,,,,,,,,
case131,case1-30-1-0-2-8-0-6-0,28.1,28.9,30,25.4,31,,,,,,,,,,,,
case132,case1-30-1-0-2-8-0-6-1,77.8,78.6,79.1,77.9,78.5,,,,,,,,,,,,
case133,case1-30-1-0-2-8-0-8-0,27.5,28.7,29.4,24.9,29.9,,,,,,,,,,,,
case134,case1-30-1-0-2-8-0-8-1,77.2,78.2,78.7,77.9,78.6,,,,,,,,,,,,
case135,case1-30-1-1-1-2-0-0-0,0,0,0,0,0,,,,,,,,,,,,
case136,case1-30-1-1-1-2-1-0-0,57.1,51.3,52.6,55.1,57.5,,,,,,,,,,,,
case137,case1-30-1-1-1-2-1-0-1,75.4,69.5,70.4,72.8,76.2,,,,,,,,,,,,
case138,case1-30-1-1-1-2-1-4-0,70.9,64.6,65.7,68.2,71.4,,,,,,,,,,,,
case139,case1-30-1-1-1-2-1-4-1,82.1,78.6,78.4,81.1,83.8,,,,,,,,,,,,
case140,case1-30-1-1-1-2-1-6-0,81,75.3,76.3,78.7,81.2,,,,,,,,,,,,
case141,case1-30-1-1-1-2-1-6-1,87.2,84.6,84.7,86.6,88.7,,,,,,,,,,,,
case142,case1-30-1-1-1-2-1-8-0,81.7,76.1,77.3,79.5,81.9,,,,,,,,,,,,
case143,case1-30-1-1-1-2-1-8-1,87.9,85,85.3,87,89,,,,,,,,,,,,
case144,case1-30-1-1-1-8-0-0-0,0,0,0,0,0,,,,,,,,,,,,
case145,case1-30-1-1-1-8-1-0-0,52.8,48.9,50.1,51.5,54,,,,,,,,,,,,
case146,case1-30-1-1-1-8-1-0-1,62.9,60.4,61.6,63.7,67,,,,,,,,,,,,
case147,case1-30-1-1-1-8-1-4-0,56.3,53.7,54.4,55.8,58.1,,,,,,,,,,,,
case148,case1-30-1-1-1-8-1-4-1,65.8,64.4,65.2,67.2,70.4,,,,,,,,,,,,
case149,case1-30-1-1-1-8-1-6-0,61.5,60.1,60.4,62.6,65.6,,,,,,,,,,,,
case150,case1-30-1-1-1-8-1-6-1,69.1,67.9,68.5,70.7,73.8,,,,,,,,,,,,
case151,case1-30-1-1-1-8-1-8-0,62.4,60.5,61.3,63.3,66.3,,,,,,,,,,,,
case152,case1-30-1-1-1-8-1-8-1,69.8,68.3,69,71.1,74.2,,,,,,,,,,,,
case153,case1-30-1-1-2-2-0-0-0,0,0,0,0,0,,,,,,,,,,,,
case154,case1-30-1-1-2-2-1-0-0,25.5,21.2,20.3,20.9,24.3,,,,,,,,,,,,
case155,case1-30-1-1-2-2-1-0-1,83.9,76.1,74.9,76.3,78.6,,,,,,,,,,,,
case156,case1-30-1-1-2-2-1-4-0,53.2,45.5,42,42.3,41.7,,,,,,,,,,,,
case157,case1-30-1-1-2-2-1-4-1,88.8,83.6,82.5,83.1,84.6,,,,,,,,,,,,
case158,case1-30-1-1-2-2-1-6-0,70.9,67.1,66.2,66.5,66.9,,,,,,,,,,,,
case159,case1-30-1-1-2-2-1-6-1,94.7,91.3,91.2,92,93.2,,,,,,,,,,,,
case160,case1-30-1-1-2-2-1-8-0,71.7,67,66.1,66.4,66.4,,,,,,,,,,,,
case161,case1-30-1-1-2-2-1-8-1,94.3,90.9,90.7,91.4,92.6,,,,,,,,,,,,
case162,case1-30-1-1-2-8-0-0-0,0,0,0,0,0,,,,,,,,,,,,
case163,case1-30-1-1-2-8-1-0-0,17.8,8.2,2.7,9.1,10.1,,,,,,,,,,,,
case164,case1-30-1-1-2-8-1-0-1,79.8,73.5,70.1,68.8,68.9,,,,,,,,,,,,
case165,case1-30-1-1-2-8-1-4-0,31.1,22.5,16.5,22.3,20.6,,,,,,,,,,,,
case166,case1-30-1-1-2-8-1-4-1,82.3,77.2,74.4,73.3,73.5,,,,,,,,,,,,
case167,case1-30-1-1-2-8-1-6-0,43,35.8,32,32.4,37.4,,,,,,,,,,,,
case168,case1-30-1-1-2-8-1-6-1,86,82.1,80.3,79.7,80.1,,,,,,,,,,,,
case169,case1-30-1-1-2-8-1-8-0,42.3,35.3,31.3,31.9,36.8,,,,,,,,,,,,
case170,case1-30-1-1-2-8-1-8-1,85.7,81.8,79.9,79.7,80.2,,,,,,,,,,,,
case171,case1-60-0-0-1-2-0-0-0,0,0,0,0,0,,,,,,,,,,,,
case172,case1-60-0-0-1-2-0-0-1,38.1,31.8,27.9,27.6,29,,,,,,,,,,,,
case173,case1-60-0-0-1-2-0-4-0,22.2,27,27,28.4,30.2,,,,,,,,,,,,
case174,case1-60-0-0-1-2-0-4-1,49.7,47.4,44.3,44.5,46.1,,,,,,,,,,,,
case175,case1-60-0-0-1-2-0-6-0,36.2,42.3,41.6,43.5,46,,,,,,,,,,,,
case176,case1-60-0-0-1-2-0-6-1,56.7,56.1,53.4,54,55.8,,,,,,,,,,,,
case177,case1-60-0-0-1-2-0-8-0,39.3,45.8,46.6,48.6,51.6,,,,,,,,,,,,
case178,case1-60-0-0-1-2-0-8-1,60.2,60.1,58.5,59.1,61.1,,,,,,,,,,,,
case179,case1-60-0-0-1-8-0-0-0,0,0,0,0,0,,,,,,,,,,,,
case180,case1-60-0-0-1-8-0-0-1,19.9,17.2,19.3,22.8,27,,,,,,,,,,,,
case181,case1-60-0-0-1-8-0-4-0,8.6,8.7,8.9,10.5,11.9,,,,,,,,,,,,
case182,case1-60-0-0-1-8-0-4-1,26.6,23.5,26,29.1,33,,,,,,,,,,,,
case183,case1-60-0-0-1-8-0-6-0,15.3,16,16.6,18.3,20.2,,,,,,,,,,,,
case184,case1-60-0-0-1-8-0-6-1,31.9,28.7,31.2,33.8,37.6,,,,,,,,,,,,
case185,case1-60-0-0-1-8-0-8-0,16.7,17.1,18,19.8,21.4,,,,,,,,,,,,
case186,case1-60-0-0-1-8-0-8-1,33,30.2,32.3,34.7,38.6,,,,,,,,,,,,
case187,case1-60-0-0-2-2-0-0-0,0,0,0,0,0,,,,,,,,,,,,
case188,case1-60-0-0-2-2-0-0-1,84.7,76.8,73.7,72.4,72.1,,,,,,,,,,,,
case189,case1-60-0-0-2-2-0-4-0,11.6,13.8,14.2,14.9,15.6,,,,,,,,,,,,
case190,case1-60-0-0-2-2-0-4-1,88.5,83.6,81.3,80.5,80.4,,,,,,,,,,,,
case191,case1-60-0-0-2-2-0-6-0,20.4,28.5,32.1,34.3,36.6,,,,,,,,,,,,
case192,case1-60-0-0-2-2-0-6-1,91.1,88.5,87.2,87,87.2,,,,,,,,,,,,
case193,case1-60-0-0-2-2-0-8-0,21.1,29.3,33.4,35.9,38.3,,,,,,,,,,,,
case194,case1-60-0-0-2-2-0-8-1,91.7,89.3,88.2,88.1,88.5,,,,,,,,,,,,
case195,case1-60-0-0-2-8-0-0-0,0,0,0,0,0,,,,,,,,,,,,
case196,case1-60-0-0-2-8-0-0-1,63.2,58.2,60.9,63.8,65.5,,,,,,,,,,,,
case197,case1-60-0-0-2-8-0-4-0,9.6,9.3,10.6,11.5,12,,,,,,,,,,,,
case198,case1-60-0-0-2-8-0-4-1,69.1,63.1,65.5,68.4,70.6,,,,,,,,,,,,
case199,case1-60-0-0-2-8-0-6-0,22.5,24.2,29.2,35.7,38.6,,,,,,,,,,,,
case200,case1-60-0-0-2-8-0-6-1,74.8,71,72.1,74.5,77,,,,,,,,,,,,
case201,case1-60-0-0-2-8-0-8-0,23.3,25.1,30,34.4,36.9,,,,,,,,,,,,
case202,case1-60-0-0-2-8-0-8-1,74.9,71.1,72.6,74.7,77,,,,,,,,,,,,
case203,case1-60-0-0-3-2-0-0-0,0,0,0,0,0,,,,,,,,,,,,
case204,case1-60-0-0-3-2-0-0-1,38.3,31.9,28,29.4,32,,,,,,,,,,,,
case205,case1-60-0-0-3-2-0-4-0,24,25.6,27.9,31.9,34.5,,,,,,,,,,,,
case206,case1-60-0-0-3-2-0-4-1,52.3,50.4,48.5,50.3,52.9,,,,,,,,,,,,
case207,case1-60-0-0-3-2-0-6-0,25.4,29.9,31.2,34,34.8,,,,,,,,,,,,
case208,case1-60-0-0-3-2-0-6-1,53.4,51.6,49.7,50.7,52.5,,,,,,,,,,,,
case209,case1-60-0-0-3-2-0-8-0,41.4,47.8,49.2,52.7,55.6,,,,,,,,,,,,
case210,case1-60-0-0-3-2-0-8-1,62.3,61.9,60.8,62.8,65.3,,,,,,,,,,,,
case211,case1-60-0-0-3-8-0-0-0,0,0,0,0,0,,,,,,,,,,,,
case212,case1-60-0-0-3-8-0-0-1,20.4,16.9,19.5,23.4,27.8,,,,,,,,,,,,
case213,case1-60-0-0-3-8-0-4-0,10.4,8.9,9.7,10.7,11,,,,,,,,,,,,
case214,case1-60-0-0-3-8-0-4-1,26.8,23.6,25.9,29.4,33.4,,,,,,,,,,,,
case215,case1-60-0-0-3-8-0-6-0,10.6,10,11.2,12.5,14.2,,,,,,,,,,,,
case216,case1-60-0-0-3-8-0-6-1,28,24.7,27.7,30.6,34.8,,,,,,,,,,,,
case217,case1-60-0-0-3-8-0-8-0,18.5,18.9,19.8,21.6,23.3,,,,,,,,,,,,
case218,case1-60-0-0-3-8-0-8-1,33.9,31,33.5,36.1,40,,,,,,,,,,,,
case219,case1-60-0-1-1-2-0-0-0,0,0,0,0,0,,,,,,,,,,,,
case220,case1-60-0-1-1-2-1-0-0,51.5,53.5,59.4,61.5,62.2,,,,,,,,,,,,
case221,case1-60-0-1-1-2-1-0-1,70.4,69.4,70.9,72.2,73.2,,,,,,,,,,,,
case222,case1-60-0-1-1-2-1-4-0,64.7,65.8,70.3,72.4,73.5,,,,,,,,,,,,
case223,case1-60-0-1-1-2-1-4-1,77.3,75.9,77.4,78.7,79.6,,,,,,,,,,,,
case224,case1-60-0-1-1-2-1-6-0,72.6,74,76.7,78.4,79.6,,,,,,,,,,,,
case225,case1-60-0-1-1-2-1-6-1,82.1,80.1,81.3,82.3,83.3,,,,,,,,,,,,
case226,case1-60-0-1-1-2-1-8-0,74.7,75.1,78.2,80.2,81.7,,,,,,,,,,,,
case227,case1-60-0-1-1-2-1-8-1,83.9,82,83.4,84.4,85.4,,,,,,,,,,,,
case228,case1-60-0-1-1-8-0-0-0,0,0,0,0,0,,,,,,,,,,,,
case229,case1-60-0-1-1-8-1-0-0,51.1,50.7,54.5,57.9,61,,,,,,,,,,,,
case230,case1-60-0-1-1-8-1-0-1,61.6,60.1,63.9,68,72,,,,,,,,,,,,
case231,case1-60-0-1-1-8-1-4-0,55.7,55.1,58.6,62.3,65.8,,,,,,,,,,,,
case232,case1-60-0-1-1-8-1-4-1,64.9,63.3,66.9,70.7,74.4,,,,,,,,,,,,
case233,case1-60-0-1-1-8-1-6-0,59.4,58.6,62.1,65.7,69,,,,,,,,,,,,
case234,case1-60-0-1-1-8-1-6-1,67.5,66,69.2,72.8,76.1,,,,,,,,,,,,
case235,case1-60-0-1-1-8-1-8-0,60.2,59.4,62.6,66.3,69.5,,,,,,,,,,,,
case236,case1-60-0-1-1-8-1-8-1,67.9,66.5,69.6,73.1,76.5,,,,,,,,,,,,
case237,case1-60-0-1-2-2-0-0-0,0,0,0,0,0,,,,,,,,,,,,
case238,case1-60-0-1-2-2-1-0-0,12.8,17.2,22.1,25,27.7,,,,,,,,,,,,
case239,case1-60-0-1-2-2-1-0-1,90.5,82.9,80.7,80.1,80.3,,,,,,,,,,,,
case240,case1-60-0-1-2-2-1-4-0,23.6,28.8,33,36.4,39.4,,,,,,,,,,,,
case241,case1-60-0-1-2-2-1-4-1,93.2,88,86.5,86.2,86.5,,,,,,,,,,,,
case242,case1-60-0-1-2-2-1-6-0,30.3,40.5,47.2,50.7,53.9,,,,,,,,,,,,
case243,case1-60-0-1-2-2-1-6-1,96.7,92.6,91.6,91.5,91.8,,,,,,,,,,,,
case244,case1-60-0-1-2-2-1-8-0,31.3,41.4,48.1,51.9,55.2,,,,,,,,,,,,
case245,case1-60-0-1-2-2-1-8-1,95.7,92.3,91.6,91.6,92,,,,,,,,,,,,
case246,case1-60-0-1-2-8-0-0-0,0,0,0,0,0,,,,,,,,,,,,
case247,case1-60-0-1-2-8-1-0-0,16.6,15.1,6.1,2.4,0.8,,,,,,,,,,,,
case248,case1-60-0-1-2-8-1-0-1,74.4,66.1,64.2,65,65.9,,,,,,,,,,,,
case249,case1-60-0-1-2-8-1-4-0,25,23.5,16.7,14.3,13.7,,,,,,,,,,,,
case250,case1-60-0-1-2-8-1-4-1,78.8,70.3,68.5,69.6,71,,,,,,,,,,,,
case251,case1-60-0-1-2-8-1-6-0,35.9,35.8,33.6,37.4,39.3,,,,,,,,,,,,
case252,case1-60-0-1-2-8-1-6-1,82.6,76.6,74.3,75.4,77.3,,,,,,,,,,,,
case253,case1-60-0-1-2-8-1-8-0,37,36.9,34.4,35.7,37.8,,,,,,,,,,,,
case254,case1-60-0-1-2-8-1-8-1,83,76.8,74.8,75.6,77.3,,,,,,,,,,,,
case255,case1-60-0-1-3-2-0-0-0,0,0,0,0,0,,,,,,,,,,,,
case256,case1-60-0-1-3-2-1-0-0,51.4,53.6,59.1,60.9,61.2,,,,,,,,,,,,
case257,case1-60-0-1-3-2-1-0-1,70.2,69.3,70.6,72.4,73.5,,,,,,,,,,,,
case258,case1-60-0-1-3-2-1-4-0,65.7,65.6,70.6,73.3,74.5,,,,,,,,,,,,
case259,case1-60-0-1-3-2-1-4-1,78.3,77.4,79.2,80.6,81.8,,,,,,,,,,,,
case260,case1-60-0-1-3-2-1-6-0,66.9,67.3,71.9,74.1,74.7,,,,,,,,,,,,
case261,case1-60-0-1-3-2-1-6-1,79,77.9,79.6,80.7,81.6,,,,,,,,,,,,
case262,case1-60-0-1-3-2-1-8-0,75.9,76.3,79.3,81.5,82.8,,,,,,,,,,,,
case263,case1-60-0-1-3-2-1-8-1,84.6,83,84.3,85.5,86.6,,,,,,,,,,,,
case264,case1-60-0-1-3-8-0-0-0,0,0,0,0,0,,,,,,,,,,,,
case265,case1-60-0-1-3-8-1-0-0,51.3,50.6,54.3,57.5,60.4,,,,,,,,,,,,
case266,case1-60-0-1-3-8-1-0-1,62.1,60,63.9,67.8,71.7,,,,,,,,,,,,
case267,case1-60-0-1-3-8-1-4-0,56.2,55.2,58.5,61.7,64.7,,,,,,,,,,,,
case268,case1-60-0-1-3-8-1-4-1,65.3,63.3,66.7,70.3,73.9,,,,,,,,,,,,
case269,case1-60-0-1-3-8-1-6-0,56.4,55.8,59.2,62.7,66,,,,,,,,,,,,
case270,case1-60-0-1-3-8-1-6-1,65.5,63.9,67.3,70.9,74.5,,,,,,,,,,,,
case271,case1-60-0-1-3-8-1-8-0,60.8,60,63.1,66.6,69.5,,,,,,,,,,,,
case272,case1-60-0-1-3-8-1-8-1,68.6,67,70,73.3,76.5,,,,,,,,,,,,
case273,case1-60-1-0-1-2-0-0-0,0,0,0,0,0,,,,,,,,,,,,
case274,case1-60-1-0-1-2-0-0-1,51.2,47.5,47.4,48,48.7,,,,,,,,,,,,
case275,case1-60-1-0-1-2-0-4-0,23.6,25.5,28.4,30.1,31.3,,,,,,,,,,,,
case276,case1-60-1-0-1-2-0-4-1,59.8,60.2,61.2,62.5,63.4,,,,,,,,,,,,
case277,case1-60-1-0-1-2-0-6-0,39.4,44.2,47.2,49.2,50.8,,,,,,,,,,,,
case278,case1-60-1-0-1-2-0-6-1,65.8,68.1,69.8,71.2,72.3,,,,,,,,,,,,
case279,case1-60-1-0-1-2-0-8-0,41.7,46,48.6,50.6,52.1,,,,,,,,,,,,
case280,case1-60-1-0-1-2-0-8-1,66.8,69.2,70.7,72.1,73.1,,,,,,,,,,,,
case281,case1-60-1-0-1-8-0-0-0,0,0,0,0,0,,,,,,,,,,,,
case282,case1-60-1-0-1-8-0-0-1,22.4,19.3,21.7,23.7,25.6,,,,,,,,,,,,
case283,case1-60-1-0-1-8-0-4-0,7.9,7.4,8.1,8.6,9.2,,,,,,,,,,,,
case284,case1-60-1-0-1-8-0-4-1,27.7,25.3,27.4,29.3,31.1,,,,,,,,,,,,
case285,case1-60-1-0-1-8-0-6-0,15,14.8,15.5,16.5,17,,,,,,,,,,,,
case286,case1-60-1-0-1-8-0-6-1,32.1,30.6,32.4,33.9,35.9,,,,,,,,,,,,
case287,case1-60-1-0-1-8-0-8-0,15.9,15.8,16.8,17.3,17.9,,,,,,,,,,,,
case288,case1-60-1-0-1-8-0-8-1,32.8,31.7,33.2,34.6,36.5,,,,,,,,,,,,
case289,case1-60-1-0-2-2-0-0-0,0,0,0,0,0,,,,,,,,,,,,
case290,case1-60-1-0-2-2-0-0-1,89.4,82.1,77.4,76.5,77.7,,,,,,,,,,,,
case291,case1-60-1-0-2-2-0-4-0,9.6,12.3,10.9,10.6,11.4,,,,,,,,,,,,
case292,case1-60-1-0-2-2-0-4-1,92.2,87.7,85.2,84.4,85.1,,,,,,,,,,,,
case293,case1-60-1-0-2-2-0-6-0,18.5,26.2,29.7,31.5,34.4,,,,,,,,,,,,
case294,case1-60-1-0-2-2-0-6-1,95.8,93.6,92.9,93.4,94,,,,,,,,,,,,
case295,case1-60-1-0-2-2-0-8-0,18.4,26.3,29.8,32,34.5,,,,,,,,,,,,
case296,case1-60-1-0-2-2-0-8-1,94.7,92.8,92.2,92.6,93.3,,,,,,,,,,,,
case297,case1-60-1-0-2-8-0-0-0,0,0,0,0,0,,,,,,,,,,,,
case298,case1-60-1-0-2-8-0-0-1,69.6,61.1,63.7,65.7,67.9,,,,,,,,,,,,
case299,case1-60-1-0-2-8-0-4-0,8.6,8.2,7.4,8.1,10.1,,,,,,,,,,,,
case300,case1-60-1-0-2-8-0-4-1,73.4,65.6,67.4,69.4,71.8,,,,,,,,,,,,
case301,case1-60-1-0-2-8-0-6-0,21.6,23.6,27.5,32.4,35.4,,,,,,,,,,,,
case302,case1-60-1-0-2-8-0-6-1,78.1,73.8,74,75.5,77.7,,,,,,,,,,,,
case303,case1-60-1-0-2-8-0-8-0,22.2,24,27.9,30.4,33,,,,,,,,,,,,
case304,case1-60-1-0-2-8-0-8-1,78.2,73.6,74.2,75.7,77.7,,,,,,,,,,,,
case305,case1-60-1-1-1-2-0-0-0,0,0,0,0,0,,,,,,,,,,,,
case306,case1-60-1-1-1-2-1-0-0,100,60.1,67.7,72,75.5,,,,,,,,,,,,
case307,case1-60-1-1-1-2-1-0-1,78.2,80.4,83.3,85.6,87.5,,,,,,,,,,,,
case308,case1-60-1-1-1-2-1-4-0,71.8,70.8,77,80.4,83.2,,,,,,,,,,,,
case309,case1-60-1-1-1-2-1-4-1,83.3,85.5,87.8,89.6,91.2,,,,,,,,,,,,
case310,case1-60-1-1-1-2-1-6-0,79.3,78.6,83.4,86,88.1,,,,,,,,,,,,
case311,case1-60-1-1-1-2-1-6-1,87.1,88.5,90.7,92.1,93.3,,,,,,,,,,,,
case312,case1-60-1-1-1-2-1-8-0,80.7,79.3,83.8,86.3,88.4,,,,,,,,,,,,
case313,case1-60-1-1-1-2-1-8-1,87.7,88.9,91,92.4,93.6,,,,,,,,,,,,
case314,case1-60-1-1-1-8-0-0-0,0,0,0,0,0,,,,,,,,,,,,
case315,case1-60-1-1-1-8-1-0-0,54.3,54.2,59.2,62.9,67,,,,,,,,,,,,
case316,case1-60-1-1-1-8-1-0-1,64.8,64.4,68.5,72.2,75.8,,,,,,,,,,,,
case317,case1-60-1-1-1-8-1-4-0,58,58,62.6,66.1,70,,,,,,,,,,,,
case318,case1-60-1-1-1-8-1-4-1,67.3,67.1,71,74.4,77.6,,,,,,,,,,,,
case319,case1-60-1-1-1-8-1-6-0,61.2,61.4,65.6,69.2,72.6,,,,,,,,,,,,
case320,case1-60-1-1-1-8-1-6-1,69.2,69.5,73,76.3,79.2,,,,,,,,,,,,
case321,case1-60-1-1-1-8-1-8-0,61.7,61.8,66.1,69.4,72.9,,,,,,,,,,,,
case322,case1-60-1-1-1-8-1-8-1,69.8,69.8,73.4,76.5,79.4,,,,,,,,,,,,
case323,case1-60-1-1-2-2-0-0-0,0,0,0,0,0,,,,,,,,,,,,
case324,case1-60-1-1-2-2-1-0-0,12.2,18.1,22.5,25.6,27,,,,,,,,,,,,
case325,case1-60-1-1-2-2-1-0-1,94.4,85.7,81.6,81.8,83,,,,,,,,,,,,
case326,case1-60-1-1-2-2-1-4-0,21,27.6,31,33.6,35.4,,,,,,,,,,,,
case327,case1-60-1-1-2-2-1-4-1,96.8,91.8,89.7,89.6,90.1,,,,,,,,,,,,
case328,case1-60-1-1-2-2-1-6-0,27.7,39.6,45.7,49.3,51.9,,,,,,,,,,,,
case329,case1-60-1-1-2-2-1-6-1,99,96.1,95.3,95.6,96.1,,,,,,,,,,,,
case330,case1-60-1-1-2-2-1-8-0,28.1,39.8,45.9,49.5,51.9,,,,,,,,,,,,
case331,case1-60-1-1-2-2-1-8-1,99,95.9,95.1,95.3,95.8,,,,,,,,,,,,
case332,case1-60-1-1-2-8-0-0-0,0,0,0,0,0,,,,,,,,,,,,
case333,case1-60-1-1-2-8-1-0-0,15.9,14.8,7.3,3.5,2.6,,,,,,,,,,,,
case334,case1-60-1-1-2-8-1-0-1,79,68.4,66.7,66.9,68.3,,,,,,,,,,,,
case335,case1-60-1-1-2-8-1-4-0,24.1,22.1,15.3,12.3,12.5,,,,,,,,,,,,
case336,case1-60-1-1-2-8-1-4-1,82.1,72.3,70.3,70.6,72.3,,,,,,,,,,,,
case337,case1-60-1-1-2-8-1-6-0,33.6,35.2,32.6,35.9,37.1,,,,,,,,,,,,
case338,case1-60-1-1-2-8-1-6-1,85,79,76.1,76.4,78,,,,,,,,,,,,
case339,case1-60-1-1-2-8-1-8-0,34.5,35.4,33.1,32.3,34.9,,,,,,,,,,,,
case340,case1-60-1-1-2-8-1-8-1,84.9,78.9,76.4,76.5,78,,,,,,,,,,,,
case341,case2-30-0-0-1-2-0-0-0,0,0,0,0,0,,,,,,,,,,,,
case342,case2-30-0-0-1-2-0-0-1,33.4,32.7,34.2,32.3,30.6,,,,,,,,,,,,
case343,case2-30-0-0-1-2-0-4-0,21.4,23.4,27.8,30.3,30.6,,,,,,,,,,,,
case344,case2-30-0-0-1-2-0-4-1,53.3,50.4,49.7,49.1,49.2,,,,,,,,,,,,
case345,case2-30-0-0-1-2-0-6-0,37.8,43.1,45.6,48,49.8,,,,,,,,,,,,
case346,case2-30-0-0-1-2-0-6-1,61.2,60.8,59.9,60.1,60.7,,,,,,,,,,,,
case347,case2-30-0-0-1-2-0-8-0,40.1,45.2,49,50.8,53,,,,,,,,,,,,
case348,case2-30-0-0-1-2-0-8-1,63.7,63.1,62.6,62.9,64,,,,,,,,,,,,
case349,case2-30-0-0-1-8-0-0-0,0,0,0,0,0,,,,,,,,,,,,
case350,case2-30-0-0-1-8-0-0-1,21,22.4,24.3,24.7,25.3,,,,,,,,,,,,
case351,case2-30-0-0-1-8-0-4-0,8.9,8.5,10.3,10.3,9.2,,,,,,,,,,,,
case352,case2-30-0-0-1-8-0-4-1,26.9,29.3,30.7,31.6,34,,,,,,,,,,,,
case353,case2-30-0-0-1-8-0-6-0,17.5,16.2,17.3,18.5,19.7,,,,,,,,,,,,
case354,case2-30-0-0-1-8-0-6-1,32.2,34.6,35.9,37.3,39,,,,,,,,,,,,
case355,case2-30-0-0-1-8-0-8-0,19.4,18.4,21.4,22.8,25.2,,,,,,,,,,,,
case356,case2-30-0-0-1-8-0-8-1,33.5,35.9,37.7,39.2,41.1,,,,,,,,,,,,
case357,case2-30-0-0-2-2-0-0-0,0,0,0,0,0,,,,,,,,,,,,
case358,case2-30-0-0-2-2-0-0-1,59.4,58.9,60.7,61.6,61.3,,,,,,,,,,,,
case359,case2-30-0-0-2-2-0-4-0,37.3,36.4,33.6,30.8,30.8,,,,,,,,,,,,
case360,case2-30-0-0-2-2-0-4-1,75.4,74.2,75.3,76.2,76.2,,,,,,,,,,,,
case361,case2-30-0-0-2-2-0-6-0,60.4,63,61.3,59.5,59.8,,,,,,,,,,,,
case362,case2-30-0-0-2-2-0-6-1,83.9,84.6,85.1,86.2,86.9,,,,,,,,,,,,
case363,case2-30-0-0-2-2-0-8-0,59.1,61.1,60.7,59.6,58.1,,,,,,,,,,,,
case364,case2-30-0-0-2-2-0-8-1,83,83.2,84.5,85.6,86.3,,,,,,,,,,,,
case365,case2-30-0-0-2-8-0-0-0,0,0,0,0,0,,,,,,,,,,,,
case366,case2-30-0-0-2-8-0-0-1,58.3,60.4,59.4,58.1,55.6,,,,,,,,,,,,
case367,case2-30-0-0-2-8-0-4-0,15.6,16.7,15.8,11.8,9.9,,,,,,,,,,,,
case368,case2-30-0-0-2-8-0-4-1,64.5,66.2,66.2,65.8,64.1,,,,,,,,,,,,
case369,case2-30-0-0-2-8-0-6-0,29.3,30.6,30.8,28.5,24.6,,,,,,,,,,,,
case370,case2-30-0-0-2-8-0-6-1,71,73,73.4,73.7,73.2,,,,,,,,,,,,
case371,case2-30-0-0-2-8-0-8-0,27,27.6,28.3,25.9,22.2,,,,,,,,,,,,
case372,case2-30-0-0-2-8-0-8-1,69.8,71.8,72.3,72.6,72,,,,,,,,,,,,
case373,case2-30-0-0-3-2-0-0-0,0,0,0,0,0,,,,,,,,,,,,
case374,case2-30-0-0-3-2-0-0-1,38.9,36.9,38.4,38.4,39.1,,,,,,,,,,,,
case375,case2-30-0-0-3-2-0-4-0,27.7,26.9,29.5,33.5,37.4,,,,,,,,,,,,
case376,case2-30-0-0-3-2-0-4-1,59.1,55.3,56.8,57.6,60.3,,,,,,,,,,,,
case377,case2-30-0-0-3-2-0-6-0,32.7,33.5,35.5,35.7,39.3,,,,,,,,,,,,
case378,case2-30-0-0-3-2-0-6-1,61.4,61,60.7,61,62.8,,,,,,,,,,,,
case379,case2-30-0-0-3-2-0-8-0,52.4,55.2,59,61.6,65.2,,,,,,,,,,,,
case380,case2-30-0-0-3-2-0-8-1,72.3,71.4,70.9,71.4,74,,,,,,,,,,,,
case381,case2-30-0-0-3-8-0-0-0,0,0,0,0,0,,,,,,,,,,,,
case382,case2-30-0-0-3-8-0-0-1,22.6,22.8,25.3,26.1,27.1,,,,,,,,,,,,
case383,case2-30-0-0-3-8-0-4-0,12.4,10.3,13.4,15.1,15.1,,,,,,,,,,,,
case384,case2-30-0-0-3-8-0-4-1,29.4,31.2,32.8,34.6,37,,,,,,,,,,,,
case385,case2-30-0-0-3-8-0-6-0,15.5,12.9,15.3,16.3,16.3,,,,,,,,,,,,
case386,case2-30-0-0-3-8-0-6-1,31.4,32.6,35,36,37.4,,,,,,,,,,,,
case387,case2-30-0-0-3-8-0-8-0,25.9,23.8,26.9,28.8,30.5,,,,,,,,,,,,
case388,case2-30-0-0-3-8-0-8-1,38.1,40.5,42.6,44.2,46.7,,,,,,,,,,,,
case389,case2-30-0-1-1-2-0-0-0,0,0,0,0,0,,,,,,,,,,,,
case390,case2-30-0-1-1-2-1-0-0,26.9,27.5,26.8,28,29.4,,,,,,,,,,,,
case391,case2-30-0-1-1-2-1-0-1,55.4,52,53.1,52.7,52,,,,,,,,,,,,
case392,case2-30-0-1-1-2-1-4-0,42.1,44,47.5,50.6,51.5,,,,,,,,,,,,
case393,case2-30-0-1-1-2-1-4-1,65.9,63.9,64.6,64.3,64.5,,,,,,,,,,,,
case394,case2-30-0-1-1-2-1-6-0,55.8,60.3,61.4,63.3,64.6,,,,,,,,,,,,
case395,case2-30-0-1-1-2-1-6-1,72.5,72.7,72,72,72.5,,,,,,,,,,,,
case396,case2-30-0-1-1-2-1-8-0,57.8,60,63.2,64.9,66.3,,,,,,,,,,,,
case397,case2-30-0-1-1-2-1-8-1,74.3,74.1,73.9,74,74.7,,,,,,,,,,,,
case398,case2-30-0-1-1-8-0-0-0,0,0,0,0,0,,,,,,,,,,,,
case399,case2-30-0-1-1-8-1-0-0,22,27,27.8,26.9,27.5,,,,,,,,,,,,
case400,case2-30-0-1-1-8-1-0-1,39.8,44.6,45,44.7,45.5,,,,,,,,,,,,
case401,case2-30-0-1-1-8-1-4-0,28,33.2,34.7,34.2,34.2,,,,,,,,,,,,
case402,case2-30-0-1-1-8-1-4-1,44.1,49.4,49.6,49.5,51.4,,,,,,,,,,,,
case403,case2-30-0-1-1-8-1-6-0,34.2,38.9,40,40.3,41.3,,,,,,,,,,,,
case404,case2-30-0-1-1-8-1-6-1,48.1,53.3,53.7,53.9,55.4,,,,,,,,,,,,
case405,case2-30-0-1-1-8-1-8-0,36.3,40.9,42.5,43.4,45.3,,,,,,,,,,,,
case406,case2-30-0-1-1-8-1-8-1,49.5,54.3,54.7,55.5,57,,,,,,,,,,,,
case407,case2-30-0-1-2-2-0-0-0,0,0,0,0,0,,,,,,,,,,,,
case408,case2-30-0-1-2-2-1-0-0,9.8,9.2,10.6,10.6,10,,,,,,,,,,,,
case409,case2-30-0-1-2-2-1-0-1,66.4,63.4,63.9,65.2,65,,,,,,,,,,,,
case410,case2-30-0-1-2-2-1-4-0,42.8,41.4,40.4,38.7,38.1,,,,,,,,,,,,
case411,case2-30-0-1-2-2-1-4-1,80,76.8,77.4,78.4,78.2,,,,,,,,,,,,
case412,case2-30-0-1-2-2-1-6-0,66.3,65.8,65.8,65.3,64.7,,,,,,,,,,,,
case413,case2-30-0-1-2-2-1-6-1,87.2,86.5,86.9,87.6,87.9,,,,,,,,,,,,
case414,case2-30-0-1-2-2-1-8-0,64.5,64.3,65,64.5,63.1,,,,,,,,,,,,
case415,case2-30-0-1-2-2-1-8-1,86.7,85.1,86.2,87,87.4,,,,,,,,,,,,
case416,case2-30-0-1-2-8-0-0-0,0,0,0,0,0,,,,,,,,,,,,
case417,case2-30-0-1-2-8-1-0-0,2.6,4,-0.1,-2.1,0.6,,,,,,,,,,,,
case418,case2-30-0-1-2-8-1-0-1,62.4,62.1,59,57.4,55.1,,,,,,,,,,,,
case419,case2-30-0-1-2-8-1-4-0,18.9,20.5,16,12.4,9,,,,,,,,,,,,
case420,case2-30-0-1-2-8-1-4-1,67.9,67.5,65.2,65,63.6,,,,,,,,,,,,
case421,case2-30-0-1-2-8-1-6-0,33.8,33.8,31.7,29.9,25.5,,,,,,,,,,,,
case422,case2-30-0-1-2-8-1-6-1,73.9,74.1,72.7,72.9,72.8,,,,,,,,,,,,
case423,case2-30-0-1-2-8-1-8-0,30.6,31.3,28.7,26.8,22.6,,,,,,,,,,,,
case424,case2-30-0-1-2-8-1-8-1,72.8,73.1,71.5,71.7,71.4,,,,,,,,,,,,
case425,case2-30-0-1-3-2-0-0-0,0,0,0,0,0,,,,,,,,,,,,
case426,case2-30-0-1-3-2-1-0-0,25.1,24.6,23.6,23.5,21.1,,,,,,,,,,,,
case427,case2-30-0-1-3-2-1-0-1,58.1,53.5,53.2,53.1,51.9,,,,,,,,,,,,
case428,case2-30-0-1-3-2-1-4-0,44.7,43.5,44,46.9,48.7,,,,,,,,,,,,
case429,case2-30-0-1-3-2-1-4-1,70,66.3,65.7,67.6,68.5,,,,,,,,,,,,
case430,case2-30-0-1-3-2-1-6-0,49.4,48.9,47.7,49.4,50,,,,,,,,,,,,
case431,case2-30-0-1-3-2-1-6-1,71.9,70.6,70.6,70.5,70.4,,,,,,,,,,,,
case432,case2-30-0-1-3-2-1-8-0,65.2,66.7,68.4,69.5,71.1,,,,,,,,,,,,
case433,case2-30-0-1-3-2-1-8-1,81,79.1,78.6,78.7,79.6,,,,,,,,,,,,
case434,case2-30-0-1-3-8-0-0-0,0,0,0,0,0,,,,,,,,,,,,
case435,case2-30-0-1-3-8-1-0-0,21.7,26.7,27.2,25.7,26,,,,,,,,,,,,
case436,case2-30-0-1-3-8-1-0-1,40.5,45,45.1,45,45.8,,,,,,,,,,,,
case437,case2-30-0-1-3-8-1-4-0,29.9,34.8,36.1,36.5,37.1,,,,,,,,,,,,
case438,case2-30-0-1-3-8-1-4-1,45.6,50.9,50.7,51.3,53,,,,,,,,,,,,
case439,case2-30-0-1-3-8-1-6-0,32.7,37,37.3,37.3,37.7,,,,,,,,,,,,
case440,case2-30-0-1-3-8-1-6-1,46.9,52.1,51.9,52.2,53.7,,,,,,,,,,,,
case441,case2-30-0-1-3-8-1-8-0,40.6,44.6,45.6,46.7,48.1,,,,,,,,,,,,
case442,case2-30-0-1-3-8-1-8-1,52.8,57.9,57.9,58.5,60.2,,,,,,,,,,,,
case443,case2-30-1-0-1-2-0-0-0,0,0,0,0,0,,,,,,,,,,,,
case444,case2-30-1-0-1-2-0-0-1,29.4,30,27.1,25.7,25.2,,,,,,,,,,,,
case445,case2-30-1-0-1-2-0-4-0,34.2,34.7,35.4,38.6,45.1,,,,,,,,,,,,
case446,case2-30-1-0-1-2-0-4-1,44.6,46.7,48,50.5,55.1,,,,,,,,,,,,
case447,case2-30-1-0-1-2-0-6-0,51.1,54.7,57.6,63.5,74.4,,,,,,,,,,,,
case448,case2-30-1-0-1-2-0-6-1,57,61.7,64.5,68.5,76.1,,,,,,,,,,,,
case449,case2-30-1-0-1-2-0-8-0,53.8,58.2,60.7,66.2,76.7,,,,,,,,,,,,
case450,case2-30-1-0-1-2-0-8-1,59.9,63.9,66.2,70.1,77.6,,,,,,,,,,,,
case451,case2-30-1-0-1-8-0-0-0,0,0,0,0,0,,,,,,,,,,,,
case452,case2-30-1-0-1-8-0-0-1,13.2,19,22.9,30.5,36.3,,,,,,,,,,,,
case453,case2-30-1-0-1-8-0-4-0,6.2,7.9,8.5,8.4,7.8,,,,,,,,,,,,
case454,case2-30-1-0-1-8-0-4-1,18,24.3,28.7,36.6,41.9,,,,,,,,,,,,
case455,case2-30-1-0-1-8-0-6-0,15,16.9,20.6,25.1,27.9,,,,,,,,,,,,
case456,case2-30-1-0-1-8-0-6-1,23.6,29.9,34.9,42.7,48.3,,,,,,,,,,,,
case457,case2-30-1-0-1-8-0-8-0,17.3,19.3,22,26.8,29.9,,,,,,,,,,,,
case458,case2-30-1-0-1-8-0-8-1,25.4,31.4,36.4,44.1,49.5,,,,,,,,,,,,
case459,case2-30-1-0-2-2-0-0-0,0,0,0,0,0,,,,,,,,,,,,
case460,case2-30-1-0-2-2-0-0-1,67.2,70.3,76,78.3,78.6,,,,,,,,,,,,
case461,case2-30-1-0-2-2-0-4-0,35.7,37.7,40.1,37.5,32.4,,,,,,,,,,,,
case462,case2-30-1-0-2-2-0-4-1,81.9,85.1,89.1,91.3,92.2,,,,,,,,,,,,
case463,case2-30-1-0-2-2-0-6-0,60.6,60.8,61.1,59.3,55,,,,,,,,,,,,
case464,case2-30-1-0-2-2-0-6-1,89.3,92.7,95.2,96.9,98.6,,,,,,,,,,,,
case465,case2-30-1-0-2-2-0-8-0,57.7,59,60.2,59.2,55.2,,,,,,,,,,,,
case466,case2-30-1-0-2-2-0-8-1,87.8,91.3,94.1,95.8,97.3,,,,,,,,,,,,
case467,case2-30-1-0-2-8-0-0-0,0,0,0,0,0,,,,,,,,,,,,
case468,case2-30-1-0-2-8-0-0-1,60.9,62,63.9,64.4,61.6,,,,,,,,,,,,
case469,case2-30-1-0-2-8-0-4-0,15.9,15.7,17.5,15.7,10.9,,,,,,,,,,,,
case470,case2-30-1-0-2-8-0-4-1,67.5,68.5,70.9,72.2,70.1,,,,,,,,,,,,
case471,case2-30-1-0-2-8-0-6-0,28.6,28.8,28.7,26.7,18.5,,,,,,,,,,,,
case472,case2-30-1-0-2-8-0-6-1,72.9,74.3,76.5,78,77.1,,,,,,,,,,,,
case473,case2-30-1-0-2-8-0-8-0,26,26.7,26.6,24.8,17.3,,,,,,,,,,,,
case474,case2-30-1-0-2-8-0-8-1,71.4,72.9,75.2,76.9,75.8,,,,,,,,,,,,
case475,case2-30-1-1-1-2-0-0-0,0,0,0,0,0,,,,,,,,,,,,
case476,case2-30-1-1-1-2-1-0-0,38.8,45.1,52.2,59.2,65.2,,,,,,,,,,,,
case477,case2-30-1-1-1-2-1-0-1,57.2,62.4,67,71.3,75.3,,,,,,,,,,,,
case478,case2-30-1-1-1-2-1-4-0,56.2,62.2,68.3,74.5,80.2,,,,,,,,,,,,
case479,case2-30-1-1-1-2-1-4-1,66.4,71.8,76.4,81,85.1,,,,,,,,,,,,
case480,case2-30-1-1-1-2-1-6-0,68.6,74.3,78.9,84.4,90,,,,,,,,,,,,
case481,case2-30-1-1-1-2-1-6-1,76.8,80.4,84.1,87.9,91.7,,,,,,,,,,,,
case482,case2-30-1-1-1-2-1-8-0,71.3,76.4,80.7,85.9,91,,,,,,,,,,,,
case483,case2-30-1-1-1-2-1-8-1,78.2,81.5,85.1,88.7,92.4,,,,,,,,,,,,
case484,case2-30-1-1-1-8-0-0-0,0,0,0,0,0,,,,,,,,,,,,
case485,case2-30-1-1-1-8-1-0-0,23.5,33.4,36.7,33.6,31.6,,,,,,,,,,,,
case486,case2-30-1-1-1-8-1-0-1,37.1,46.7,50.8,53,54.8,,,,,,,,,,,,
case487,case2-30-1-1-1-8-1-4-0,27.7,39.2,41.5,39.1,37.7,,,,,,,,,,,,
case488,case2-30-1-1-1-8-1-4-1,40.8,50.6,54.6,57.4,59.1,,,,,,,,,,,,
case489,case2-30-1-1-1-8-1-6-0,34,45.1,49.1,49.8,50.5,,,,,,,,,,,,
case490,case2-30-1-1-1-8-1-6-1,45.3,54.2,58.6,61.4,63.5,,,,,,,,,,,,
case491,case2-30-1-1-1-8-1-8-0,36.2,46.4,50.2,51,51.7,,,,,,,,,,,,
case492,case2-30-1-1-1-8-1-8-1,46.4,55.2,59.5,62.5,64.4,,,,,,,,,,,,
case493,case2-30-1-1-2-2-0-0-0,0,0,0,0,0,,,,,,,,,,,,
case494,case2-30-1-1-2-2-1-0-0,6.2,6.2,6.3,5.8,7.9,,,,,,,,,,,,
case495,case2-30-1-1-2-2-1-0-1,72.5,72.8,76.8,78.2,78.9,,,,,,,,,,,,
case496,case2-30-1-1-2-2-1-4-0,42.3,43.4,45,42,37.9,,,,,,,,,,,,
case497,case2-30-1-1-2-2-1-4-1,84.8,86.2,89.3,91,92,,,,,,,,,,,,
case498,case2-30-1-1-2-2-1-6-0,65.2,66,64.8,62.6,59.2,,,,,,,,,,,,
case499,case2-30-1-1-2-2-1-6-1,92.3,93.7,95.6,96.8,98.2,,,,,,,,,,,,
case500,case2-30-1-1-2-2-1-8-0,62.7,63.4,64.1,62.7,59.4,,,,,,,,,,,,
case501,case2-30-1-1-2-2-1-8-1,90.9,92.4,94.4,95.7,97,,,,,,,,,,,,
case502,case2-30-1-1-2-8-0-0-0,0,0,0,0,0,,,,,,,,,,,,
case503,case2-30-1-1-2-8-1-0-0,3.2,4.7,1.1,-2.8,7.1,,,,,,,,,,,,
case504,case2-30-1-1-2-8-1-0-1,63.5,63.7,63.9,63,63.5,,,,,,,,,,,,
case505,case2-30-1-1-2-8-1-4-0,19.1,20.8,19.1,16.1,17.6,,,,,,,,,,,,
case506,case2-30-1-1-2-8-1-4-1,69.4,70,70.4,71.1,71.5,,,,,,,,,,,,
case507,case2-30-1-1-2-8-1-6-0,31.9,33.3,31,27.6,25.4,,,,,,,,,,,,
case508,case2-30-1-1-2-8-1-6-1,74.6,75.4,76.2,77.1,78.2,,,,,,,,,,,,
case509,case2-30-1-1-2-8-1-8-0,28.8,31.1,28.6,25.8,23.7,,,,,,,,,,,,
case510,case2-30-1-1-2-8-1-8-1,73.3,74,74.8,75.9,76.9,,,,,,,,,,,,
case511,case2-60-0-0-1-2-0-0-0,0,0,0,0,0,,,,,,,,,,,,
case512,case2-60-0-0-1-2-0-0-1,34.8,24.2,23.5,25,25.3,,,,,,,,,,,,
case513,case2-60-0-0-1-2-0-4-0,18.3,18.9,19.4,20.8,21.9,,,,,,,,,,,,
case514,case2-60-0-0-1-2-0-4-1,47.1,35.5,35.8,38.5,40.5,,,,,,,,,,,,
case515,case2-60-0-0-1-2-0-6-0,33.1,33.3,34,35.5,37.7,,,,,,,,,,,,
case516,case2-60-0-0-1-2-0-6-1,54.3,44.9,45.9,48.5,51,,,,,,,,,,,,
case517,case2-60-0-0-1-2-0-8-0,34.8,37,38.9,40.7,43.2,,,,,,,,,,,,
case518,case2-60-0-0-1-2-0-8-1,57,49.3,50.7,53.3,56.3,,,,,,,,,,,,
case519,case2-60-0-0-1-8-0-0-0,0,0,0,0,0,,,,,,,,,,,,
case520,case2-60-0-0-1-8-0-0-1,14,15.6,23.3,26.5,29.2,,,,,,,,,,,,
case521,case2-60-0-0-1-8-0-4-0,5.4,5.9,7.9,7.9,8.8,,,,,,,,,,,,
case522,case2-60-0-0-1-8-0-4-1,18,19.7,27.3,30.3,33.7,,,,,,,,,,,,
case523,case2-60-0-0-1-8-0-6-0,10.4,11.1,13.9,14.6,16.1,,,,,,,,,,,,
case524,case2-60-0-0-1-8-0-6-1,22.1,23.9,31.2,34.5,37.7,,,,,,,,,,,,
case525,case2-60-0-0-1-8-0-8-0,12.3,13.1,15.3,15.5,17.6,,,,,,,,,,,,
case526,case2-60-0-0-1-8-0-8-1,23.2,25.2,32.3,35.5,38.4,,,,,,,,,,,,
case527,case2-60-0-0-2-2-0-0-0,0,0,0,0,0,,,,,,,,,,,,
case528,case2-60-0-0-2-2-0-0-1,82.6,74.8,73.5,73.1,72.2,,,,,,,,,,,,
case529,case2-60-0-0-2-2-0-4-0,15.8,18.7,19.5,18.8,18.3,,,,,,,,,,,,
case530,case2-60-0-0-2-2-0-4-1,87.6,82.4,81,80.9,80.5,,,,,,,,,,,,
case531,case2-60-0-0-2-2-0-6-0,25.6,32.4,35.2,36.3,36.1,,,,,,,,,,,,
case532,case2-60-0-0-2-2-0-6-1,91.1,88.1,87.2,87.3,87.5,,,,,,,,,,,,
case533,case2-60-0-0-2-2-0-8-0,25.3,32.6,35.9,37.5,37.4,,,,,,,,,,,,
case534,case2-60-0-0-2-2-0-8-1,90.5,88,87.4,87.6,87.9,,,,,,,,,,,,
case535,case2-60-0-0-2-8-0-0-0,0,0,0,0,0,,,,,,,,,,,,
case536,case2-60-0-0-2-8-0-0-1,65.7,61.9,63.6,63.3,64.5,,,,,,,,,,,,
case537,case2-60-0-0-2-8-0-4-0,9.1,9.8,10.6,10.1,11.3,,,,,,,,,,,,
case538,case2-60-0-0-2-8-0-4-1,70.3,68,68.8,69.2,70.4,,,,,,,,,,,,
case539,case2-60-0-0-2-8-0-6-0,21,22,24.7,22.8,30.4,,,,,,,,,,,,
case540,case2-60-0-0-2-8-0-6-1,75.3,74.3,75.3,75.9,77.4,,,,,,,,,,,,
case541,case2-60-0-0-2-8-0-8-0,19.9,21.6,24.5,22.5,30.4,,,,,,,,,,,,
case542,case2-60-0-0-2-8-0-8-1,75,73.3,74.1,75,76.8,,,,,,,,,,,,
case543,case2-60-0-0-3-2-0-0-0,0,0,0,0,0,,,,,,,,,,,,
case544,case2-60-0-0-3-2-0-0-1,34.5,27.8,29.7,31.9,34.3,,,,,,,,,,,,
case545,case2-60-0-0-3-2-0-4-0,18.8,23.9,27.8,31,33.8,,,,,,,,,,,,
case546,case2-60-0-0-3-2-0-4-1,49.4,45.1,48,51.5,55.8,,,,,,,,,,,,
case547,case2-60-0-0-3-2-0-6-0,25.9,30.7,32.6,32.9,33.9,,,,,,,,,,,,
case548,case2-60-0-0-3-2-0-6-1,52.6,46.8,49.3,51.8,54.8,,,,,,,,,,,,
case549,case2-60-0-0-3-2-0-8-0,45.2,48,49.1,50.6,53.1,,,,,,,,,,,,
case550,case2-60-0-0-3-2-0-8-1,61.1,57.1,60.2,63.1,67,,,,,,,,,,,,
case551,case2-60-0-0-3-8-0-0-0,0,0,0,0,0,,,,,,,,,,,,
case552,case2-60-0-0-3-8-0-0-1,13.8,16.4,24.6,28.2,31.3,,,,,,,,,,,,
case553,case2-60-0-0-3-8-0-4-0,6.5,7.4,9.5,8.8,9.7,,,,,,,,,,,,
case554,case2-60-0-0-3-8-0-4-1,18.7,21.3,29.5,33,36.6,,,,,,,,,,,,
case555,case2-60-0-0-3-8-0-6-0,8.8,10.3,12.2,11.9,12,,,,,,,,,,,,
case556,case2-60-0-0-3-8-0-6-1,20.4,23.1,31.2,34.9,38,,,,,,,,,,,,
case557,case2-60-0-0-3-8-0-8-0,16.4,17.4,20.5,21.3,22.8,,,,,,,,,,,,
case558,case2-60-0-0-3-8-0-8-1,26.2,28.6,36.4,40,43.5,,,,,,,,,,,,
case559,case2-60-0-1-1-2-0-0-0,0,0,0,0,0,,,,,,,,,,,,
case560,case2-60-0-1-1-2-1-0-0,36,34.9,34,34,33,,,,,,,,,,,,
case561,case2-60-0-1-1-2-1-0-1,58,52.3,50.7,51.2,50.5,,,,,,,,,,,,
case562,case2-60-0-1-1-2-1-4-0,49.2,48.5,47.4,47.9,48,,,,,,,,,,,,
case563,case2-60-0-1-1-2-1-4-1,64.9,59.8,58.6,59.8,60.5,,,,,,,,,,,,
case564,case2-60-0-1-1-2-1-6-0,58.9,58.5,57.4,58,58.6,,,,,,,,,,,,
case565,case2-60-0-1-1-2-1-6-1,70,65.9,65.3,66.7,67.6,,,,,,,,,,,,
case566,case2-60-0-1-1-2-1-8-0,59,60.5,60.7,61,62.1,,,,,,,,,,,,
case567,case2-60-0-1-1-2-1-8-1,71.8,68.5,68.4,69.8,71.3,,,,,,,,,,,,
case568,case2-60-0-1-1-8-0-0-0,0,0,0,0,0,,,,,,,,,,,,
case569,case2-60-0-1-1-8-1-0-0,36.4,41,41.2,43.5,44.6,,,,,,,,,,,,
case570,case2-60-0-1-1-8-1-0-1,47,51,56.3,59.3,61.2,,,,,,,,,,,,
case571,case2-60-0-1-1-8-1-4-0,41,44.6,46.4,47.9,49.7,,,,,,,,,,,,
case572,case2-60-0-1-1-8-1-4-1,49.4,53.5,58.4,61.4,63.3,,,,,,,,,,,,
case573,case2-60-0-1-1-8-1-6-0,44.7,47.9,49.9,51.5,53.4,,,,,,,,,,,,
case574,case2-60-0-1-1-8-1-6-1,52.2,56,60.7,63.7,65.7,,,,,,,,,,,,
case575,case2-60-0-1-1-8-1-8-0,45.5,48.9,50.8,52.6,54.2,,,,,,,,,,,,
case576,case2-60-0-1-1-8-1-8-1,52.8,56.7,61.2,64.3,66.3,,,,,,,,,,,,
case577,case2-60-0-1-2-2-0-0-0,0,0,0,0,0,,,,,,,,,,,,
case578,case2-60-0-1-2-2-1-0-0,7.8,8.9,11.6,13.5,13.8,,,,,,,,,,,,
case579,case2-60-0-1-2-2-1-0-1,85.6,77.4,77,76.9,76.3,,,,,,,,,,,,
case580,case2-60-0-1-2-2-1-4-0,22.1,25.9,29.6,30.5,30.7,,,,,,,,,,,,
case581,case2-60-0-1-2-2-1-4-1,90.4,84.5,83.6,83.7,83.3,,,,,,,,,,,,
case582,case2-60-0-1-2-2-1-6-0,30.8,38.9,43.8,45.8,46.1,,,,,,,,,,,,
case583,case2-60-0-1-2-2-1-6-1,93.5,89.8,89.2,89.3,89.4,,,,,,,,,,,,
case584,case2-60-0-1-2-2-1-8-0,31,38.9,44,46.5,47,,,,,,,,,,,,
case585,case2-60-0-1-2-2-1-8-1,93.1,89.7,89.4,89.6,89.8,,,,,,,,,,,,
case586,case2-60-0-1-2-8-0-0-0,0,0,0,0,0,,,,,,,,,,,,
case587,case2-60-0-1-2-8-1-0-0,8.9,9,6.1,7.6,4.5,,,,,,,,,,,,
case588,case2-60-0-1-2-8-1-0-1,69.8,65.9,65.2,65.5,65.8,,,,,,,,,,,,
case589,case2-60-0-1-2-8-1-4-0,18.3,18.9,16.4,16.4,15.9,,,,,,,,,,,,
case590,case2-60-0-1-2-8-1-4-1,74.1,71.4,70.3,71,71.7,,,,,,,,,,,,
case591,case2-60-0-1-2-8-1-6-0,27.8,29.5,29.3,29.1,34.6,,,,,,,,,,,,
case592,case2-60-0-1-2-8-1-6-1,78.4,77.1,76.7,77.4,78.3,,,,,,,,,,,,
case593,case2-60-0-1-2-8-1-8-0,27.5,29.4,29,28.5,33.9,,,,,,,,,,,,
case594,case2-60-0-1-2-8-1-8-1,78,76.1,75.5,76.4,77.6,,,,,,,,,,,,
case595,case2-60-0-1-3-2-0-0-0,0,0,0,0,0,,,,,,,,,,,,
case596,case2-60-0-1-3-2-1-0-0,35.7,32.8,33.5,31.8,29.7,,,,,,,,,,,,
case597,case2-60-0-1-3-2-1-0-1,57.9,53.9,54.2,54.7,54.1,,,,,,,,,,,,
case598,case2-60-0-1-3-2-1-4-0,51.2,49.2,53,53.1,53.4,,,,,,,,,,,,
case599,case2-60-0-1-3-2-1-4-1,68.3,64.7,66.3,67.9,69.3,,,,,,,,,,,,
case600,case2-60-0-1-3-2-1-6-0,55.9,53.6,55.8,54.5,53.4,,,,,,,,,,,,
case601,case2-60-0-1-3-2-1-6-1,69.5,65.9,67.2,68,68.6,,,,,,,,,,,,
case602,case2-60-0-1-3-2-1-8-0,66.8,65.3,66.8,66.8,67.2,,,,,,,,,,,,
case603,case2-60-0-1-3-2-1-8-1,76.2,73.1,74.4,75.8,77.2,,,,,,,,,,,,
case604,case2-60-0-1-3-8-0-0-0,0,0,0,0,0,,,,,,,,,,,,
case605,case2-60-0-1-3-8-1-0-0,36.6,41,40.3,42.6,43.4,,,,,,,,,,,,
case606,case2-60-0-1-3-8-1-0-1,47.2,51.3,56.4,59.7,61.4,,,,,,,,,,,,
case607,case2-60-0-1-3-8-1-4-0,41.8,45.3,46.3,47.7,48.7,,,,,,,,,,,,
case608,case2-60-0-1-3-8-1-4-1,50,54.1,58.9,62.2,64.3,,,,,,,,,,,,
case609,case2-60-0-1-3-8-1-6-0,43.1,46.8,48.1,49.4,50.2,,,,,,,,,,,,
case610,case2-60-0-1-3-8-1-6-1,51,55.2,59.8,63.2,65.2,,,,,,,,,,,,
case611,case2-60-0-1-3-8-1-8-0,48,51.3,53,54.8,56.4,,,,,,,,,,,,
case612,case2-60-0-1-3-8-1-8-1,54.8,58.6,62.9,66.1,68.4,,,,,,,,,,,,
case613,case2-60-1-0-1-2-0-0-0,0,0,0,0,0,,,,,,,,,,,,
case614,case2-60-1-0-1-2-0-0-1,25.7,23.1,22.7,22.4,21.9,,,,,,,,,,,,
case615,case2-60-1-0-1-2-0-4-0,13.8,15.9,16.8,17.9,19.4,,,,,,,,,,,,
case616,case2-60-1-0-1-2-0-4-1,35.1,35.3,35.3,35.7,36.7,,,,,,,,,,,,
case617,case2-60-1-0-1-2-0-6-0,28.5,35.2,36.5,39.8,45.2,,,,,,,,,,,,
case618,case2-60-1-0-1-2-0-6-1,45,47.8,48.3,50.5,54.7,,,,,,,,,,,,
case619,case2-60-1-0-1-2-0-8-0,31.7,37.7,38.5,41.2,45.6,,,,,,,,,,,,
case620,case2-60-1-0-1-2-0-8-1,47.5,49.7,49.7,51.4,54.6,,,,,,,,,,,,
case621,case2-60-1-0-1-8-0-0-0,0,0,0,0,0,,,,,,,,,,,,
case622,case2-60-1-0-1-8-0-0-1,11.5,11.7,11.8,13.1,14.3,,,,,,,,,,,,
case623,case2-60-1-0-1-8-0-4-0,4.4,4.4,4.3,4.5,4.7,,,,,,,,,,,,
case624,case2-60-1-0-1-8-0-4-1,15,15.3,15.6,16.9,18.1,,,,,,,,,,,,
case625,case2-60-1-0-1-8-0-6-0,10.1,10,10.1,10.9,11.6,,,,,,,,,,,,
case626,case2-60-1-0-1-8-0-6-1,19.3,19.7,20.2,21.7,23.1,,,,,,,,,,,,
case627,case2-60-1-0-1-8-0-8-0,11.6,11.7,11.7,12.2,12.8,,,,,,,,,,,,
case628,case2-60-1-0-1-8-0-8-1,20.6,20.9,21.2,22.6,23.9,,,,,,,,,,,,
case629,case2-60-1-0-2-2-0-0-0,0,0,0,0,0,,,,,,,,,,,,
case630,case2-60-1-0-2-2-0-0-1,84.8,79.4,78.3,79,80.7,,,,,,,,,,,,
case631,case2-60-1-0-2-2-0-4-0,10.6,16.2,17,16.1,15.4,,,,,,,,,,,,
case632,case2-60-1-0-2-2-0-4-1,89.4,86.8,86.6,87.4,88.7,,,,,,,,,,,,
case633,case2-60-1-0-2-2-0-6-0,19.3,28.4,30.6,30,31.2,,,,,,,,,,,,
case634,case2-60-1-0-2-2-0-6-1,92.5,91.4,91.8,92.8,93.9,,,,,,,,,,,,
case635,case2-60-1-0-2-2-0-8-0,18.3,27.3,30.1,30.2,30.8,,,,,,,,,,,,
case636,case2-60-1-0-2-2-0-8-1,92.1,90.8,91.3,92.2,93.3,,,,,,,,,,,,
case637,case2-60-1-0-2-8-0-0-0,0,0,0,0,0,,,,,,,,,,,,
case638,case2-60-1-0-2-8-0-0-1,71.2,68.3,67.4,67.8,69.9,,,,,,,,,,,,
case639,case2-60-1-0-2-8-0-4-0,11.7,11.6,10.6,13.1,18.3,,,,,,,,,,,,
case640,case2-60-1-0-2-8-0-4-1,74.9,73.9,73.8,73.8,74.7,,,,,,,,,,,,
case641,case2-60-1-0-2-8-0-6-0,21,20.7,21,19.2,26.1,,,,,,,,,,,,
case642,case2-60-1-0-2-8-0-6-1,78.1,77.7,78.2,78.8,80.7,,,,,,,,,,,,
case643,case2-60-1-0-2-8-0-8-0,19.7,20,20.6,18.7,26.3,,,,,,,,,,,,
case644,case2-60-1-0-2-8-0-8-1,77.6,77.1,77,77.7,79.6,,,,,,,,,,,,
case645,case2-60-1-1-1-2-0-0-0,0,0,0,0,0,,,,,,,,,,,,
case646,case2-60-1-1-1-2-1-0-0,45.1,51,59.8,65,69,,,,,,,,,,,,
case647,case2-60-1-1-1-2-1-0-1,58.9,63.8,70,73.5,76.5,,,,,,,,,,,,
case648,case2-60-1-1-1-2-1-4-0,52.4,58.6,66.9,71.3,75.1,,,,,,,,,,,,
case649,case2-60-1-1-1-2-1-4-1,64.7,69.3,74.9,78.2,81,,,,,,,,,,,,
case650,case2-60-1-1-1-2-1-6-0,61.9,68.4,74.9,79,83,,,,,,,,,,,,
case651,case2-60-1-1-1-2-1-6-1,71.1,75.7,80.3,83.4,86.4,,,,,,,,,,,,
case652,case2-60-1-1-1-2-1-8-0,63.3,69.8,75.9,79.7,83.3,,,,,,,,,,,,
case653,case2-60-1-1-1-2-1-8-1,72.2,76.4,80.8,83.7,86.5,,,,,,,,,,,,
case654,case2-60-1-1-1-8-0-0-0,0,0,0,0,0,,,,,,,,,,,,
case655,case2-60-1-1-1-8-1-0-0,35.1,44.3,51.4,56.5,60.8,,,,,,,,,,,,
case656,case2-60-1-1-1-8-1-0-1,44,51.8,58.1,63.1,67.2,,,,,,,,,,,,
case657,case2-60-1-1-1-8-1-4-0,37.9,46.9,53.7,58.7,62.9,,,,,,,,,,,,
case658,case2-60-1-1-1-8-1-4-1,46.3,53.8,60,64.7,68.6,,,,,,,,,,,,
case659,case2-60-1-1-1-8-1-6-0,41.7,50.1,56.6,61.4,65.4,,,,,,,,,,,,
case660,case2-60-1-1-1-8-1-6-1,49.3,56.4,62.3,66.8,70.5,,,,,,,,,,,,
case661,case2-60-1-1-1-8-1-8-0,42.8,51,57.3,62,66,,,,,,,,,,,,
case662,case2-60-1-1-1-8-1-8-1,50,57,62.7,67.2,70.9,,,,,,,,,,,,
case663,case2-60-1-1-2-2-0-0-0,0,0,0,0,0,,,,,,,,,,,,
case664,case2-60-1-1-2-2-1-0-0,7.4,11.4,15,16.5,16.9,,,,,,,,,,,,
case665,case2-60-1-1-2-2-1-0-1,87.6,82.3,81.6,82.6,84.1,,,,,,,,,,,,
case666,case2-60-1-1-2-2-1-4-0,17.7,26.2,29.9,30.6,30.2,,,,,,,,,,,,
case667,case2-60-1-1-2-2-1-4-1,91.4,88.6,88.7,89.6,90.6,,,,,,,,,,,,
case668,case2-60-1-1-2-2-1-6-0,25.8,36.9,41.3,42.7,43.3,,,,,,,,,,,,
case669,case2-60-1-1-2-2-1-6-1,94.2,92.7,93.2,94.1,95,,,,,,,,,,,,
case670,case2-60-1-1-2-2-1-8-0,25.1,36.1,40.8,42.3,43.1,,,,,,,,,,,,
case671,case2-60-1-1-2-2-1-8-1,93.9,92.3,92.8,93.6,94.5,,,,,,,,,,,,
case672,case2-60-1-1-2-8-0-0-0,0,0,0,0,0,,,,,,,,,,,,
case673,case2-60-1-1-2-8-1-0-0,7.2,6.8,6.8,8.6,1.8,,,,,,,,,,,,
case674,case2-60-1-1-2-8-1-0-1,73.9,70.8,69,69.9,70,,,,,,,,,,,,
case675,case2-60-1-1-2-8-1-4-0,17.9,17.4,17.1,15.3,21,,,,,,,,,,,,
case676,case2-60-1-1-2-8-1-4-1,77.6,76.2,75.4,75.7,75.3,,,,,,,,,,,,
case677,case2-60-1-1-2-8-1-6-0,26.9,26.5,26.8,26.8,27.3,,,,,,,,,,,,
case678,case2-60-1-1-2-8-1-6-1,80.3,79.5,79.4,80.3,80.7,,,,,,,,,,,,
case679,case2-60-1-1-2-8-1-8-0,25.9,25.8,26.4,26.3,27.5,,,,,,,,,,,,
case680,case2-60-1-1-2-8-1-8-1,79.9,79,78.5,79.2,79.6,,,,,,,,,,,,
